{
  "mean": [
    0.4576356977208257,
    0.631635347978813,
    0.46978979367693396
  ],
  "std": [
    0.13932171079485092,
    0.18834881894988587,
    0.16424638687165657
  ]
}